[{"pk": 1, "model": "dataapp.organization", "fields": {"name": "Hospital 1", "description": ""}}, {"pk": 1, "model": "dataapp.gameseries", "fields": {"name": "rehab", "description": ""}}, {"pk": 1, "model": "dataapp.game", "fields": {"organizations": [1], "description": "LILY Parkinson's Disease iPad Game is developed for the elderly which aims to help the pre-detection, pre-prevention and rehabilitation functionality of Parkinson's Disease.", "created": "2014-10-10T10:55:27.467Z", "series": 1, "image": "gameimages/scene1.jpg", "uuid": "246635c0-ec73-4fcd-bf67-ad3993892f37", "name": "parkinson game"}}, {"pk": 2, "model": "dataapp.game", "fields": {"organizations": [1], "description": "A video game to improve prospective memory of older adults", "created": "2014-11-12T08:04:25.132Z", "series": 1, "image": "gameimages/Picture1.jpg", "uuid": "fcab2d76-2fa5-4374-b603-e6bd3c6bb65e", "name": "Lotus Valley\u00a0\u5fd8\u5fe7\u8c37"}}, {"pk": 3, "model": "dataapp.game", "fields": {"organizations": [1], "description": "Basketball Genius is a motion sensing based rehabilitation platform designed by LILY to provide a personalized interactive environment in which rehabilitation programs for stroke patients at various stages of recovery can be seamlessly embedded. ", "created": "2014-11-12T08:05:14.784Z", "series": 1, "image": "gameimages/Picture2.jpg", "uuid": "81ad6acf-ca2d-4808-89d4-363192eb2f2a", "name": "Basketball Genius"}}, {"pk": 4, "model": "dataapp.game", "fields": {"organizations": [1], "description": "This bilingualism game embedded with Empathy Map is designed for elderly in the hopes of learning new language to prevent and delay age at the onset of Alzheimer disease", "created": "2014-11-12T08:44:44.288Z", "series": 1, "image": "gameimages/empathy.png", "uuid": "cca28900-aa38-469f-98a3-9fbf30cded52", "name": "Empathy Map Game"}}, {"pk": 1, "model": "dataapp.gamelevel", "fields": {"description": "", "created": "2014-10-10T10:55:40.302Z", "uuid": "80b2246e-6e3e-4dcf-ad41-c3ab0dd948c4", "game": 1, "order": null, "name": "Task 1"}}, {"pk": 2, "model": "dataapp.gamelevel", "fields": {"description": "", "created": "2014-10-10T10:55:46.216Z", "uuid": "f4a6a3a1-df53-428f-a4da-29c3c2c7c1a9", "game": 1, "order": null, "name": "Task 2"}}, {"pk": 1, "model": "dataapp.plan", "fields": {"name": "first plan", "end_date": "2014-10-13", "created": "2014-10-13T07:40:52.911Z", "uuid": "d2e895d5-e558-4c70-ad3c-4eb6f3c963ac", "plan_data": "", "player": 1, "game": 1, "start_date": "2014-10-13", "staff": 1}}, {"pk": 2, "model": "dataapp.plan", "fields": {"name": "second plan", "end_date": "2014-10-22", "created": "2014-10-13T07:41:49.029Z", "uuid": "41702bb1-e8eb-4a2a-868d-4c373b0b8ee3", "plan_data": "second plan data", "player": 1, "game": 1, "start_date": "2014-10-13", "staff": 1}}, {"pk": 6, "model": "dataapp.plan", "fields": {"name": "first plan", "end_date": "2014-10-30", "created": "2014-10-30T07:07:32.726Z", "uuid": "686fd387-2ea4-4cbd-b1f6-1f1bf0535dbc", "plan_data": "{\"times\":\"8\",\"strength\":\"very strong 1\"}", "player": 2, "game": 1, "start_date": "2014-10-30", "staff": 1}}, {"pk": 7, "model": "dataapp.plan", "fields": {"name": "second", "end_date": "2014-11-17", "created": "2014-11-17T07:36:43.577Z", "uuid": "ba7a1073-d4b6-4018-9c66-a53534775d4c", "plan_data": "{\"strength\":\"very weak\",\"times\":\"100\"}", "player": 2, "game": 1, "start_date": "2014-11-17", "staff": 1}}, {"pk": 9, "model": "dataapp.playergameplay", "fields": {"extra_data": "", "uuid": "a34add0b-fbd5-461e-97a1-cb3289586422", "created": "2014-10-15T07:56:34.567Z", "player": 2, "score": null, "plan": 1, "game_level": 2, "play_time": "2014-10-15T15:56:18Z"}}, {"pk": 10, "model": "dataapp.playergameplay", "fields": {"extra_data": null, "uuid": "87cf160c-a6c1-4805-8b9d-cc2ef505f65f", "created": "2014-10-15T08:39:30.401Z", "player": 1, "score": null, "plan": null, "game_level": 1, "play_time": "2014-10-15T16:39:30.392Z"}}, {"pk": 11, "model": "dataapp.playergameplay", "fields": {"extra_data": null, "uuid": "8ab03055-0f4c-466d-b649-15b1e609c445", "created": "2014-10-15T08:40:44.070Z", "player": 1, "score": null, "plan": 1, "game_level": 1, "play_time": "2014-10-15T16:40:44.041Z"}}, {"pk": 12, "model": "dataapp.playergameplay", "fields": {"extra_data": null, "uuid": "55af20a4-b77e-4fa2-afef-b43fc9ee3492", "created": "2014-10-15T08:50:17.009Z", "player": 1, "score": null, "plan": 1, "game_level": 1, "play_time": "2014-10-15T16:50:16.997Z"}}, {"pk": 13, "model": "dataapp.playergameplay", "fields": {"extra_data": null, "uuid": "e1651745-af0d-4dc1-83e1-85b5fb5e16a3", "created": "2014-10-15T08:52:49.547Z", "player": 1, "score": null, "plan": 1, "game_level": 1, "play_time": "2014-10-15T16:52:49.526Z"}}, {"pk": 14, "model": "dataapp.playergameplay", "fields": {"extra_data": null, "uuid": "40d6f702-3791-47aa-acda-a1d2bed0e907", "created": "2014-10-15T09:03:26.434Z", "player": 1, "score": null, "plan": 1, "game_level": 1, "play_time": "2014-10-15T17:03:26.423Z"}}, {"pk": 15, "model": "dataapp.playergameplay", "fields": {"extra_data": null, "uuid": "1044c912-4a3c-46e3-8ec7-b1c1c317d466", "created": "2014-10-24T07:55:27.990Z", "player": 1, "score": null, "plan": 1, "game_level": 1, "play_time": "2014-10-24T15:55:27.977Z"}}, {"pk": 16, "model": "dataapp.playergameplay", "fields": {"extra_data": null, "uuid": "e0db9448-b2c5-4ff1-92c6-a37c75046b8f", "created": "2014-10-24T07:55:45.922Z", "player": 1, "score": null, "plan": 1, "game_level": 1, "play_time": "2014-10-24T15:55:45.913Z"}}, {"pk": 17, "model": "dataapp.playergameplay", "fields": {"extra_data": null, "uuid": "730ea04c-0b1f-48be-9b6a-af48539fa866", "created": "2014-10-24T08:00:01.594Z", "player": 1, "score": null, "plan": null, "game_level": 1, "play_time": "2014-10-24T16:00:01.587Z"}}, {"pk": 18, "model": "dataapp.playergameplay", "fields": {"extra_data": null, "uuid": "81013a8d-5ab9-42c3-9270-1cdb199707eb", "created": "2014-10-27T07:59:04.794Z", "player": 1, "score": null, "plan": 1, "game_level": 1, "play_time": "2014-10-27T15:59:04.783Z"}}, {"pk": 7, "model": "dataapp.playergamedatarecord", "fields": {"created": "2014-10-15T08:59:29.271Z", "data_schema": null, "date_type": null, "game_play": 9, "is_checked": false, "data": "fdafdsafdsa"}}, {"pk": 8, "model": "dataapp.playergamedatarecord", "fields": {"created": "2014-10-15T09:05:36.765Z", "data_schema": null, "date_type": null, "game_play": 9, "is_checked": false, "data": "hello"}}, {"pk": 9, "model": "dataapp.playergamedatarecord", "fields": {"created": "2014-10-24T08:09:20.932Z", "data_schema": null, "date_type": null, "game_play": 9, "is_checked": false, "data": "hello"}}, {"pk": 10, "model": "dataapp.playergamedatarecord", "fields": {"created": "2014-10-24T08:10:26.367Z", "data_schema": null, "date_type": null, "game_play": 9, "is_checked": false, "data": "[{x:12,y:12},{x:20,y:30}]"}}, {"pk": 11, "model": "dataapp.playergamedatarecord", "fields": {"created": "2014-10-27T08:03:58.740Z", "data_schema": null, "date_type": null, "game_play": 9, "is_checked": false, "data": "[{x:12,y:12},{x:20,y:30}]"}}, {"pk": 1, "model": "dataapp.usergamefeedback", "fields": {"player": 1, "game": 1, "comments": null, "rank": 2, "created": "2014-10-14T08:00:51.511Z"}}, {"pk": 2, "model": "dataapp.usergamefeedback", "fields": {"player": 1, "game": 1, "comments": null, "rank": 2, "created": "2014-10-15T09:14:43.309Z"}}, {"pk": 3, "model": "dataapp.usergamefeedback", "fields": {"player": 1, "game": 1, "comments": null, "rank": 2, "created": "2014-10-24T08:16:28.977Z"}}, {"pk": 4, "model": "dataapp.usergamefeedback", "fields": {"player": 1, "game": 1, "comments": null, "rank": 2, "created": "2014-10-27T08:07:19.912Z"}}, {"pk": 1, "model": "account.emailconfirmation", "fields": {"email_address": 1, "key": "b2c3e48f5f266bd0afe2b2719b1470edb8eccfaa6402cd5b5d905ca4240d3f5f", "sent": null, "created": "2014-10-15T05:14:56.758Z"}}, {"pk": 1, "model": "auth.permission", "fields": {"codename": "add_logentry", "name": "Can add log entry", "content_type": 1}}, {"pk": 2, "model": "auth.permission", "fields": {"codename": "change_logentry", "name": "Can change log entry", "content_type": 1}}, {"pk": 3, "model": "auth.permission", "fields": {"codename": "delete_logentry", "name": "Can delete log entry", "content_type": 1}}, {"pk": 4, "model": "auth.permission", "fields": {"codename": "add_permission", "name": "Can add permission", "content_type": 2}}, {"pk": 5, "model": "auth.permission", "fields": {"codename": "change_permission", "name": "Can change permission", "content_type": 2}}, {"pk": 6, "model": "auth.permission", "fields": {"codename": "delete_permission", "name": "Can delete permission", "content_type": 2}}, {"pk": 7, "model": "auth.permission", "fields": {"codename": "add_group", "name": "Can add group", "content_type": 3}}, {"pk": 8, "model": "auth.permission", "fields": {"codename": "change_group", "name": "Can change group", "content_type": 3}}, {"pk": 9, "model": "auth.permission", "fields": {"codename": "delete_group", "name": "Can delete group", "content_type": 3}}, {"pk": 10, "model": "auth.permission", "fields": {"codename": "add_user", "name": "Can add user", "content_type": 4}}, {"pk": 11, "model": "auth.permission", "fields": {"codename": "change_user", "name": "Can change user", "content_type": 4}}, {"pk": 12, "model": "auth.permission", "fields": {"codename": "delete_user", "name": "Can delete user", "content_type": 4}}, {"pk": 13, "model": "auth.permission", "fields": {"codename": "add_contenttype", "name": "Can add content type", "content_type": 5}}, {"pk": 14, "model": "auth.permission", "fields": {"codename": "change_contenttype", "name": "Can change content type", "content_type": 5}}, {"pk": 15, "model": "auth.permission", "fields": {"codename": "delete_contenttype", "name": "Can delete content type", "content_type": 5}}, {"pk": 16, "model": "auth.permission", "fields": {"codename": "add_session", "name": "Can add session", "content_type": 6}}, {"pk": 17, "model": "auth.permission", "fields": {"codename": "change_session", "name": "Can change session", "content_type": 6}}, {"pk": 18, "model": "auth.permission", "fields": {"codename": "delete_session", "name": "Can delete session", "content_type": 6}}, {"pk": 19, "model": "auth.permission", "fields": {"codename": "add_site", "name": "Can add site", "content_type": 7}}, {"pk": 20, "model": "auth.permission", "fields": {"codename": "change_site", "name": "Can change site", "content_type": 7}}, {"pk": 21, "model": "auth.permission", "fields": {"codename": "delete_site", "name": "Can delete site", "content_type": 7}}, {"pk": 22, "model": "auth.permission", "fields": {"codename": "add_log", "name": "Can add log", "content_type": 8}}, {"pk": 23, "model": "auth.permission", "fields": {"codename": "change_log", "name": "Can change log", "content_type": 8}}, {"pk": 24, "model": "auth.permission", "fields": {"codename": "delete_log", "name": "Can delete log", "content_type": 8}}, {"pk": 25, "model": "auth.permission", "fields": {"codename": "add_migrationhistory", "name": "Can add migration history", "content_type": 9}}, {"pk": 26, "model": "auth.permission", "fields": {"codename": "change_migrationhistory", "name": "Can change migration history", "content_type": 9}}, {"pk": 27, "model": "auth.permission", "fields": {"codename": "delete_migrationhistory", "name": "Can delete migration history", "content_type": 9}}, {"pk": 28, "model": "auth.permission", "fields": {"codename": "add_registrationprofile", "name": "Can add registration profile", "content_type": 10}}, {"pk": 29, "model": "auth.permission", "fields": {"codename": "change_registrationprofile", "name": "Can change registration profile", "content_type": 10}}, {"pk": 30, "model": "auth.permission", "fields": {"codename": "delete_registrationprofile", "name": "Can delete registration profile", "content_type": 10}}, {"pk": 31, "model": "auth.permission", "fields": {"codename": "add_account", "name": "Can add account", "content_type": 11}}, {"pk": 32, "model": "auth.permission", "fields": {"codename": "change_account", "name": "Can change account", "content_type": 11}}, {"pk": 33, "model": "auth.permission", "fields": {"codename": "delete_account", "name": "Can delete account", "content_type": 11}}, {"pk": 34, "model": "auth.permission", "fields": {"codename": "add_signupcode", "name": "Can add signup code", "content_type": 12}}, {"pk": 35, "model": "auth.permission", "fields": {"codename": "change_signupcode", "name": "Can change signup code", "content_type": 12}}, {"pk": 36, "model": "auth.permission", "fields": {"codename": "delete_signupcode", "name": "Can delete signup code", "content_type": 12}}, {"pk": 37, "model": "auth.permission", "fields": {"codename": "add_signupcoderesult", "name": "Can add signup code result", "content_type": 13}}, {"pk": 38, "model": "auth.permission", "fields": {"codename": "change_signupcoderesult", "name": "Can change signup code result", "content_type": 13}}, {"pk": 39, "model": "auth.permission", "fields": {"codename": "delete_signupcoderesult", "name": "Can delete signup code result", "content_type": 13}}, {"pk": 40, "model": "auth.permission", "fields": {"codename": "add_emailaddress", "name": "Can add email address", "content_type": 14}}, {"pk": 41, "model": "auth.permission", "fields": {"codename": "change_emailaddress", "name": "Can change email address", "content_type": 14}}, {"pk": 42, "model": "auth.permission", "fields": {"codename": "delete_emailaddress", "name": "Can delete email address", "content_type": 14}}, {"pk": 43, "model": "auth.permission", "fields": {"codename": "add_emailconfirmation", "name": "Can add email confirmation", "content_type": 15}}, {"pk": 44, "model": "auth.permission", "fields": {"codename": "change_emailconfirmation", "name": "Can change email confirmation", "content_type": 15}}, {"pk": 45, "model": "auth.permission", "fields": {"codename": "delete_emailconfirmation", "name": "Can delete email confirmation", "content_type": 15}}, {"pk": 46, "model": "auth.permission", "fields": {"codename": "add_accountdeletion", "name": "Can add account deletion", "content_type": 16}}, {"pk": 47, "model": "auth.permission", "fields": {"codename": "change_accountdeletion", "name": "Can change account deletion", "content_type": 16}}, {"pk": 48, "model": "auth.permission", "fields": {"codename": "delete_accountdeletion", "name": "Can delete account deletion", "content_type": 16}}, {"pk": 49, "model": "auth.permission", "fields": {"codename": "add_token", "name": "Can add token", "content_type": 17}}, {"pk": 50, "model": "auth.permission", "fields": {"codename": "change_token", "name": "Can change token", "content_type": 17}}, {"pk": 51, "model": "auth.permission", "fields": {"codename": "delete_token", "name": "Can delete token", "content_type": 17}}, {"pk": 52, "model": "auth.permission", "fields": {"codename": "add_post", "name": "Can add post", "content_type": 18}}, {"pk": 53, "model": "auth.permission", "fields": {"codename": "change_post", "name": "Can change post", "content_type": 18}}, {"pk": 54, "model": "auth.permission", "fields": {"codename": "delete_post", "name": "Can delete post", "content_type": 18}}, {"pk": 55, "model": "auth.permission", "fields": {"codename": "add_photo", "name": "Can add photo", "content_type": 19}}, {"pk": 56, "model": "auth.permission", "fields": {"codename": "change_photo", "name": "Can change photo", "content_type": 19}}, {"pk": 57, "model": "auth.permission", "fields": {"codename": "delete_photo", "name": "Can delete photo", "content_type": 19}}, {"pk": 58, "model": "auth.permission", "fields": {"codename": "add_profile", "name": "Can add profile", "content_type": 20}}, {"pk": 59, "model": "auth.permission", "fields": {"codename": "change_profile", "name": "Can change profile", "content_type": 20}}, {"pk": 60, "model": "auth.permission", "fields": {"codename": "delete_profile", "name": "Can delete profile", "content_type": 20}}, {"pk": 61, "model": "auth.permission", "fields": {"codename": "add_profilephoto", "name": "Can add profile photo", "content_type": 21}}, {"pk": 62, "model": "auth.permission", "fields": {"codename": "change_profilephoto", "name": "Can change profile photo", "content_type": 21}}, {"pk": 63, "model": "auth.permission", "fields": {"codename": "delete_profilephoto", "name": "Can delete profile photo", "content_type": 21}}, {"pk": 64, "model": "auth.permission", "fields": {"codename": "add_organization", "name": "Can add organization", "content_type": 22}}, {"pk": 65, "model": "auth.permission", "fields": {"codename": "change_organization", "name": "Can change organization", "content_type": 22}}, {"pk": 66, "model": "auth.permission", "fields": {"codename": "delete_organization", "name": "Can delete organization", "content_type": 22}}, {"pk": 67, "model": "auth.permission", "fields": {"codename": "add_disease", "name": "Can add disease", "content_type": 23}}, {"pk": 68, "model": "auth.permission", "fields": {"codename": "change_disease", "name": "Can change disease", "content_type": 23}}, {"pk": 69, "model": "auth.permission", "fields": {"codename": "delete_disease", "name": "Can delete disease", "content_type": 23}}, {"pk": 70, "model": "auth.permission", "fields": {"codename": "add_diseasestage", "name": "Can add disease stage", "content_type": 24}}, {"pk": 71, "model": "auth.permission", "fields": {"codename": "change_diseasestage", "name": "Can change disease stage", "content_type": 24}}, {"pk": 72, "model": "auth.permission", "fields": {"codename": "delete_diseasestage", "name": "Can delete disease stage", "content_type": 24}}, {"pk": 73, "model": "auth.permission", "fields": {"codename": "add_gameseries", "name": "Can add game series", "content_type": 25}}, {"pk": 74, "model": "auth.permission", "fields": {"codename": "change_gameseries", "name": "Can change game series", "content_type": 25}}, {"pk": 75, "model": "auth.permission", "fields": {"codename": "delete_gameseries", "name": "Can delete game series", "content_type": 25}}, {"pk": 76, "model": "auth.permission", "fields": {"codename": "add_game", "name": "Can add game", "content_type": 26}}, {"pk": 77, "model": "auth.permission", "fields": {"codename": "change_game", "name": "Can change game", "content_type": 26}}, {"pk": 78, "model": "auth.permission", "fields": {"codename": "delete_game", "name": "Can delete game", "content_type": 26}}, {"pk": 79, "model": "auth.permission", "fields": {"codename": "add_gamelevel", "name": "Can add game level", "content_type": 27}}, {"pk": 80, "model": "auth.permission", "fields": {"codename": "change_gamelevel", "name": "Can change game level", "content_type": 27}}, {"pk": 81, "model": "auth.permission", "fields": {"codename": "delete_gamelevel", "name": "Can delete game level", "content_type": 27}}, {"pk": 82, "model": "auth.permission", "fields": {"codename": "add_staff", "name": "Can add staff", "content_type": 28}}, {"pk": 83, "model": "auth.permission", "fields": {"codename": "change_staff", "name": "Can change staff", "content_type": 28}}, {"pk": 84, "model": "auth.permission", "fields": {"codename": "delete_staff", "name": "Can delete staff", "content_type": 28}}, {"pk": 85, "model": "auth.permission", "fields": {"codename": "add_staffrelationship", "name": "Can add staff relationship", "content_type": 29}}, {"pk": 86, "model": "auth.permission", "fields": {"codename": "change_staffrelationship", "name": "Can change staff relationship", "content_type": 29}}, {"pk": 87, "model": "auth.permission", "fields": {"codename": "delete_staffrelationship", "name": "Can delete staff relationship", "content_type": 29}}, {"pk": 88, "model": "auth.permission", "fields": {"codename": "add_player", "name": "Can add player", "content_type": 30}}, {"pk": 89, "model": "auth.permission", "fields": {"codename": "change_player", "name": "Can change player", "content_type": 30}}, {"pk": 90, "model": "auth.permission", "fields": {"codename": "delete_player", "name": "Can delete player", "content_type": 30}}, {"pk": 91, "model": "auth.permission", "fields": {"codename": "add_plan", "name": "Can add plan", "content_type": 31}}, {"pk": 92, "model": "auth.permission", "fields": {"codename": "change_plan", "name": "Can change plan", "content_type": 31}}, {"pk": 93, "model": "auth.permission", "fields": {"codename": "delete_plan", "name": "Can delete plan", "content_type": 31}}, {"pk": 94, "model": "auth.permission", "fields": {"codename": "add_measure", "name": "Can add measure", "content_type": 32}}, {"pk": 95, "model": "auth.permission", "fields": {"codename": "change_measure", "name": "Can change measure", "content_type": 32}}, {"pk": 96, "model": "auth.permission", "fields": {"codename": "delete_measure", "name": "Can delete measure", "content_type": 32}}, {"pk": 97, "model": "auth.permission", "fields": {"codename": "add_playergameplay", "name": "Can add player game play", "content_type": 33}}, {"pk": 98, "model": "auth.permission", "fields": {"codename": "change_playergameplay", "name": "Can change player game play", "content_type": 33}}, {"pk": 99, "model": "auth.permission", "fields": {"codename": "delete_playergameplay", "name": "Can delete player game play", "content_type": 33}}, {"pk": 100, "model": "auth.permission", "fields": {"codename": "add_playergamedatarecord", "name": "Can add player game data record", "content_type": 34}}, {"pk": 101, "model": "auth.permission", "fields": {"codename": "change_playergamedatarecord", "name": "Can change player game data record", "content_type": 34}}, {"pk": 102, "model": "auth.permission", "fields": {"codename": "delete_playergamedatarecord", "name": "Can delete player game data record", "content_type": 34}}, {"pk": 103, "model": "auth.permission", "fields": {"codename": "add_usergamefeedback", "name": "Can add user game feedback", "content_type": 35}}, {"pk": 104, "model": "auth.permission", "fields": {"codename": "change_usergamefeedback", "name": "Can change user game feedback", "content_type": 35}}, {"pk": 105, "model": "auth.permission", "fields": {"codename": "delete_usergamefeedback", "name": "Can delete user game feedback", "content_type": 35}}, {"pk": 106, "model": "auth.permission", "fields": {"codename": "add_userprofile", "name": "Can add user profile", "content_type": 36}}, {"pk": 107, "model": "auth.permission", "fields": {"codename": "change_userprofile", "name": "Can change user profile", "content_type": 36}}, {"pk": 108, "model": "auth.permission", "fields": {"codename": "delete_userprofile", "name": "Can delete user profile", "content_type": 36}}, {"pk": 109, "model": "auth.permission", "fields": {"codename": "add_kvstore", "name": "Can add kv store", "content_type": 37}}, {"pk": 110, "model": "auth.permission", "fields": {"codename": "change_kvstore", "name": "Can change kv store", "content_type": 37}}, {"pk": 111, "model": "auth.permission", "fields": {"codename": "delete_kvstore", "name": "Can delete kv store", "content_type": 37}}, {"pk": 1, "model": "auth.user", "fields": {"username": "admin", "first_name": "", "last_name": "", "is_active": true, "is_superuser": true, "is_staff": true, "last_login": "2014-11-17T06:10:06.412Z", "groups": [], "user_permissions": [], "password": "pbkdf2_sha256$12000$UkaxVMJ0SwGP$+ZGW28Vmg5HcuxMg/QHRrG+QFHnBr6JzO1EQPZ80XgA=", "email": "", "date_joined": "2014-10-10T07:46:08.971Z"}}, {"pk": 2, "model": "auth.user", "fields": {"username": "player1", "first_name": "", "last_name": "", "is_active": true, "is_superuser": false, "is_staff": false, "last_login": "2014-10-27T06:20:01.369Z", "groups": [], "user_permissions": [], "password": "pbkdf2_sha256$12000$qEuOjW12PZWb$4ceqipBhBomGlX8QJuYD9lTj0XVooISdgbVF2dTlzng=", "email": "", "date_joined": "2014-10-10T10:54:13.598Z"}}, {"pk": 5, "model": "auth.user", "fields": {"username": "doctor1", "first_name": "", "last_name": "", "is_active": true, "is_superuser": false, "is_staff": false, "last_login": "2014-11-17T06:21:48.608Z", "groups": [], "user_permissions": [], "password": "pbkdf2_sha256$12000$tJjr5p1ygklQ$32RRjhY8asF3oS2YzpdNIxl27rWGsi522QYgx6BzKHc=", "email": "", "date_joined": "2014-10-13T07:40:08.905Z"}}, {"pk": 6, "model": "auth.user", "fields": {"username": "player2", "first_name": "ha", "last_name": "xiaogang", "is_active": true, "is_superuser": false, "is_staff": false, "last_login": "2014-10-15T05:33:57.238Z", "groups": [], "user_permissions": [], "password": "pbkdf2_sha256$12000$JjyKAfMUSHdE$3ywMQGkaVeQRzkgdrjtA8xrVm07NSs2qGUOOnSkavOs=", "email": "player2@gmail.com", "date_joined": "2014-10-15T05:31:00.628Z"}}, {"pk": 23, "model": "auth.user", "fields": {"username": "patient1", "first_name": "liu", "last_name": "jppppp", "is_active": true, "is_superuser": false, "is_staff": false, "last_login": "2014-10-30T06:52:07.671Z", "groups": [], "user_permissions": [], "password": "pbkdf2_sha256$12000$OpEQ38lxHhMW$QhoW9GUPX2V6C7KRsYbJ9xt7yboFdy8pwv9iE7tWSes=", "email": "", "date_joined": "2014-10-30T06:52:07.671Z"}}, {"pk": 1, "model": "eventlog.log", "fields": {"action": "USER_LOGGED_IN", "timestamp": "2014-10-10T07:52:06.025Z", "user": 1, "extra": {}}}, {"pk": 2, "model": "eventlog.log", "fields": {"action": "USER_LOGGED_IN", "timestamp": "2014-10-10T09:59:42.848Z", "user": 1, "extra": {}}}, {"pk": 3, "model": "eventlog.log", "fields": {"action": "USER_LOGGED_IN", "timestamp": "2014-10-10T10:00:20.156Z", "user": 1, "extra": {}}}, {"pk": 4, "model": "eventlog.log", "fields": {"action": "USER_LOGGED_IN", "timestamp": "2014-10-10T10:13:19.089Z", "user": 1, "extra": {}}}, {"pk": 5, "model": "eventlog.log", "fields": {"action": "USER_LOGGED_IN", "timestamp": "2014-10-10T10:49:23.337Z", "user": 1, "extra": {}}}, {"pk": 6, "model": "eventlog.log", "fields": {"action": "USER_LOGGED_IN", "timestamp": "2014-10-10T11:28:45.874Z", "user": 2, "extra": {}}}, {"pk": 7, "model": "eventlog.log", "fields": {"action": "USER_LOGGED_IN", "timestamp": "2014-10-10T11:48:42.190Z", "user": 2, "extra": {}}}, {"pk": 8, "model": "eventlog.log", "fields": {"action": "USER_LOGGED_IN", "timestamp": "2014-10-10T11:50:37.663Z", "user": 1, "extra": {}}}, {"pk": 9, "model": "eventlog.log", "fields": {"action": "USER_LOGGED_IN", "timestamp": "2014-10-10T12:12:17.522Z", "user": 1, "extra": {}}}, {"pk": 10, "model": "eventlog.log", "fields": {"action": "USER_LOGGED_IN", "timestamp": "2014-10-13T05:57:56.528Z", "user": 2, "extra": {}}}, {"pk": 11, "model": "eventlog.log", "fields": {"action": "USER_LOGGED_IN", "timestamp": "2014-10-13T07:37:38.395Z", "user": 1, "extra": {}}}, {"pk": 12, "model": "eventlog.log", "fields": {"action": "USER_LOGGED_IN", "timestamp": "2014-10-14T07:11:00.947Z", "user": 1, "extra": {}}}, {"pk": 13, "model": "eventlog.log", "fields": {"action": "USER_LOGGED_IN", "timestamp": "2014-10-15T05:28:17.822Z", "user": 2, "extra": {}}}, {"pk": 14, "model": "eventlog.log", "fields": {"action": "SIGNUP_ATTEMPTED", "timestamp": "2014-10-15T05:30:47.089Z", "user": null, "extra": {"username": "player2", "email": "", "result": false}}}, {"pk": 15, "model": "eventlog.log", "fields": {"action": "USER_SIGNED_UP", "timestamp": "2014-10-15T05:31:00.708Z", "user": 6, "extra": {}}}, {"pk": 16, "model": "eventlog.log", "fields": {"action": "SIGNUP_ATTEMPTED", "timestamp": "2014-10-15T05:31:52.513Z", "user": null, "extra": {"username": "player2", "email": "player2@gmail.com", "result": false}}}, {"pk": 17, "model": "eventlog.log", "fields": {"action": "USER_LOGGED_IN", "timestamp": "2014-10-15T05:32:06.440Z", "user": 6, "extra": {}}}, {"pk": 18, "model": "eventlog.log", "fields": {"action": "USER_LOGGED_IN", "timestamp": "2014-10-15T05:32:58.719Z", "user": 1, "extra": {}}}, {"pk": 19, "model": "eventlog.log", "fields": {"action": "USER_LOGGED_IN", "timestamp": "2014-10-15T05:33:57.242Z", "user": 6, "extra": {}}}, {"pk": 20, "model": "eventlog.log", "fields": {"action": "USER_LOGGED_IN", "timestamp": "2014-10-15T06:35:49.392Z", "user": 1, "extra": {}}}, {"pk": 21, "model": "eventlog.log", "fields": {"action": "USER_LOGGED_IN", "timestamp": "2014-10-15T07:56:06.785Z", "user": 1, "extra": {}}}, {"pk": 22, "model": "eventlog.log", "fields": {"action": "USER_LOGGED_IN", "timestamp": "2014-10-16T05:57:41.660Z", "user": 2, "extra": {}}}, {"pk": 23, "model": "eventlog.log", "fields": {"action": "USER_LOGGED_IN", "timestamp": "2014-10-24T09:22:25.133Z", "user": 1, "extra": {}}}, {"pk": 24, "model": "eventlog.log", "fields": {"action": "LOGIN_ATTEMPTED", "timestamp": "2014-10-27T06:38:36.732Z", "user": null, "extra": {"username": "doctor1", "result": false}}}, {"pk": 25, "model": "eventlog.log", "fields": {"action": "LOGIN_ATTEMPTED", "timestamp": "2014-10-27T06:38:39.589Z", "user": null, "extra": {"username": "doctor1", "result": false}}}, {"pk": 26, "model": "eventlog.log", "fields": {"action": "LOGIN_ATTEMPTED", "timestamp": "2014-10-27T06:38:47.049Z", "user": null, "extra": {"username": "admin", "result": false}}}, {"pk": 27, "model": "eventlog.log", "fields": {"action": "USER_LOGGED_IN", "timestamp": "2014-10-27T06:38:50.652Z", "user": 1, "extra": {}}}, {"pk": 28, "model": "eventlog.log", "fields": {"action": "USER_LOGGED_IN", "timestamp": "2014-10-27T06:39:17.306Z", "user": 5, "extra": {}}}, {"pk": 29, "model": "eventlog.log", "fields": {"action": "USER_LOGGED_IN", "timestamp": "2014-10-27T07:12:15.098Z", "user": 1, "extra": {}}}, {"pk": 30, "model": "eventlog.log", "fields": {"action": "USER_LOGGED_IN", "timestamp": "2014-10-27T08:53:54.852Z", "user": 5, "extra": {}}}, {"pk": 31, "model": "eventlog.log", "fields": {"action": "USER_LOGGED_IN", "timestamp": "2014-10-29T07:59:00.501Z", "user": 1, "extra": {}}}, {"pk": 32, "model": "eventlog.log", "fields": {"action": "LOGIN_ATTEMPTED", "timestamp": "2014-10-29T08:00:46.569Z", "user": null, "extra": {"username": "doctor1", "result": false}}}, {"pk": 33, "model": "eventlog.log", "fields": {"action": "USER_LOGGED_IN", "timestamp": "2014-10-29T08:00:50.650Z", "user": 5, "extra": {}}}, {"pk": 34, "model": "eventlog.log", "fields": {"action": "USER_LOGGED_IN", "timestamp": "2014-10-30T07:05:04.688Z", "user": 5, "extra": {}}}, {"pk": 35, "model": "eventlog.log", "fields": {"action": "USER_LOGGED_IN", "timestamp": "2014-10-30T07:06:40.129Z", "user": 5, "extra": {}}}, {"pk": 36, "model": "eventlog.log", "fields": {"action": "USER_LOGGED_IN", "timestamp": "2014-11-07T01:52:51.444Z", "user": 5, "extra": {}}}, {"pk": 37, "model": "eventlog.log", "fields": {"action": "USER_LOGGED_IN", "timestamp": "2014-11-07T06:13:31.735Z", "user": 5, "extra": {}}}, {"pk": 38, "model": "eventlog.log", "fields": {"action": "USER_LOGGED_IN", "timestamp": "2014-11-10T05:47:59.756Z", "user": 5, "extra": {}}}, {"pk": 39, "model": "eventlog.log", "fields": {"action": "USER_LOGGED_IN", "timestamp": "2014-11-10T08:29:42.454Z", "user": 1, "extra": {}}}, {"pk": 40, "model": "eventlog.log", "fields": {"action": "USER_LOGGED_IN", "timestamp": "2014-11-10T09:34:37.329Z", "user": 5, "extra": {}}}, {"pk": 41, "model": "eventlog.log", "fields": {"action": "USER_LOGGED_IN", "timestamp": "2014-11-12T01:42:26.831Z", "user": 5, "extra": {}}}, {"pk": 42, "model": "eventlog.log", "fields": {"action": "USER_LOGGED_IN", "timestamp": "2014-11-12T02:16:53.816Z", "user": 5, "extra": {}}}, {"pk": 43, "model": "eventlog.log", "fields": {"action": "USER_LOGGED_IN", "timestamp": "2014-11-17T06:21:48.612Z", "user": 5, "extra": {}}}, {"pk": "074c39443bacbf8698250dcc5d2c714361cc0ca6", "model": "authtoken.token", "fields": {"user": 1, "created": "2014-10-10T08:59:31.066Z"}}, {"pk": "26c7524b1f8972ce9938971cc5376fb3f7023200", "model": "authtoken.token", "fields": {"user": 6, "created": "2014-10-15T05:31:00.683Z"}}, {"pk": "2c83e6ad86f51b0104deb2c10a28b1c8b401ee33", "model": "authtoken.token", "fields": {"user": 5, "created": "2014-10-13T07:40:08.951Z"}}, {"pk": "6d958f521c8a9faf282fb2441f05f14bbc2b48be", "model": "authtoken.token", "fields": {"user": 2, "created": "2014-10-10T10:54:13.681Z"}}, {"pk": "b94e241c616a4c6b16d9b05573137c7b71abcaf4", "model": "authtoken.token", "fields": {"user": 23, "created": "2014-10-30T06:52:07.744Z"}}, {"pk": 1, "model": "dataapp.staff", "fields": {"organization": 1, "role": "doctor", "user": 5}}, {"pk": 1, "model": "dataapp.player", "fields": {"language": "", "gender": null, "doctors": [], "birthdate": "1950-01-01", "phone": "", "disease_stages": [], "role": "patient", "user": 2, "address": "SG1", "age_group": null}}, {"pk": 2, "model": "dataapp.player", "fields": {"language": "", "gender": "Male", "doctors": [1], "birthdate": "1950-01-01", "phone": "", "disease_stages": [], "role": "patient", "user": 6, "address": "", "age_group": null}}, {"pk": 23, "model": "dataapp.player", "fields": {"language": null, "gender": null, "doctors": [], "birthdate": "1950-01-01", "phone": null, "disease_stages": [], "role": null, "user": 5, "address": null, "age_group": null}}, {"pk": 43, "model": "dataapp.player", "fields": {"language": "None", "gender": "Male", "doctors": [1], "birthdate": "1950-01-01", "phone": "None", "disease_stages": [], "role": null, "user": 23, "address": "None", "age_group": null}}, {"pk": 1, "model": "dataapp.userprofile", "fields": {"user": 2, "user_type": "player"}}, {"pk": 2, "model": "dataapp.userprofile", "fields": {"user": 5, "user_type": "staff"}}, {"pk": 3, "model": "dataapp.userprofile", "fields": {"user": 6, "user_type": "player"}}, {"pk": 30, "model": "dataapp.userprofile", "fields": {"user": 23, "user_type": "player"}}, {"pk": 1, "model": "dataapp.profile", "fields": {"user": 1, "name": "admin"}}, {"pk": 2, "model": "dataapp.profile", "fields": {"user": 2, "name": "player1"}}, {"pk": 3, "model": "dataapp.profile", "fields": {"user": 5, "name": "doctor1"}}, {"pk": 4, "model": "dataapp.profile", "fields": {"user": 6, "name": "player2"}}, {"pk": 32, "model": "dataapp.profile", "fields": {"user": 23, "name": "patient1"}}, {"pk": 1, "model": "account.account", "fields": {"timezone": "", "user": 1, "language": "en-us"}}, {"pk": 2, "model": "account.account", "fields": {"timezone": "", "user": 2, "language": "en-us"}}, {"pk": 3, "model": "account.account", "fields": {"timezone": "", "user": 5, "language": "en-us"}}, {"pk": 4, "model": "account.account", "fields": {"timezone": "", "user": 6, "language": "en"}}, {"pk": 32, "model": "account.account", "fields": {"timezone": "", "user": 23, "language": "en-us"}}, {"pk": 1, "model": "account.emailaddress", "fields": {"verified": false, "user": 6, "primary": true, "email": "player2@gmail.com"}}, {"pk": 1, "model": "admin.logentry", "fields": {"action_flag": 1, "action_time": "2014-10-10T10:54:13.684Z", "object_repr": "player1", "object_id": "2", "change_message": "", "user": 1, "content_type": 4}}, {"pk": 2, "model": "admin.logentry", "fields": {"action_flag": 1, "action_time": "2014-10-10T10:54:31.327Z", "object_repr": "Player player1", "object_id": "1", "change_message": "", "user": 1, "content_type": 30}}, {"pk": 3, "model": "admin.logentry", "fields": {"action_flag": 1, "action_time": "2014-10-10T10:55:16.632Z", "object_repr": "rehab", "object_id": "1", "change_message": "", "user": 1, "content_type": 25}}, {"pk": 4, "model": "admin.logentry", "fields": {"action_flag": 1, "action_time": "2014-10-10T10:55:27.476Z", "object_repr": "game [parkinson game]", "object_id": "1", "change_message": "", "user": 1, "content_type": 26}}, {"pk": 5, "model": "admin.logentry", "fields": {"action_flag": 1, "action_time": "2014-10-10T10:55:40.304Z", "object_repr": "parkinson game - level 1 [2014-10-10 10:55:40.302000+00:00]", "object_id": "1", "change_message": "", "user": 1, "content_type": 27}}, {"pk": 6, "model": "admin.logentry", "fields": {"action_flag": 1, "action_time": "2014-10-10T10:55:46.218Z", "object_repr": "parkinson game - level 2 [2014-10-10 10:55:46.216000+00:00]", "object_id": "2", "change_message": "", "user": 1, "content_type": 27}}, {"pk": 7, "model": "admin.logentry", "fields": {"action_flag": 1, "action_time": "2014-10-10T11:52:03.178Z", "object_repr": "player player1's profile", "object_id": "1", "change_message": "", "user": 1, "content_type": 36}}, {"pk": 8, "model": "admin.logentry", "fields": {"action_flag": 2, "action_time": "2014-10-10T12:12:35.491Z", "object_repr": "game [parkinson-game]", "object_id": "1", "change_message": "Changed name.", "user": 1, "content_type": 26}}, {"pk": 9, "model": "admin.logentry", "fields": {"action_flag": 1, "action_time": "2014-10-13T07:40:08.956Z", "object_repr": "doctor1", "object_id": "5", "change_message": "", "user": 1, "content_type": 4}}, {"pk": 10, "model": "admin.logentry", "fields": {"action_flag": 1, "action_time": "2014-10-13T07:40:22.540Z", "object_repr": "Hospital 1", "object_id": "1", "change_message": "", "user": 1, "content_type": 22}}, {"pk": 11, "model": "admin.logentry", "fields": {"action_flag": 1, "action_time": "2014-10-13T07:40:25.677Z", "object_repr": "doctor doctor1 at Hospital 1", "object_id": "1", "change_message": "", "user": 1, "content_type": 28}}, {"pk": 12, "model": "admin.logentry", "fields": {"action_flag": 1, "action_time": "2014-10-13T07:40:52.916Z", "object_repr": "Plan [first plan] [player1]", "object_id": "1", "change_message": "", "user": 1, "content_type": 31}}, {"pk": 13, "model": "admin.logentry", "fields": {"action_flag": 1, "action_time": "2014-10-13T07:41:49.032Z", "object_repr": "Plan [second plan] [player1]", "object_id": "2", "change_message": "", "user": 1, "content_type": 31}}, {"pk": 14, "model": "admin.logentry", "fields": {"action_flag": 2, "action_time": "2014-10-15T05:33:16.026Z", "object_repr": "player player2's profile", "object_id": "3", "change_message": "No fields changed.", "user": 1, "content_type": 36}}, {"pk": 15, "model": "admin.logentry", "fields": {"action_flag": 1, "action_time": "2014-10-15T05:33:40.110Z", "object_repr": "Player player2", "object_id": "2", "change_message": "", "user": 1, "content_type": 30}}, {"pk": 16, "model": "admin.logentry", "fields": {"action_flag": 2, "action_time": "2014-10-15T06:37:13.051Z", "object_repr": "game [parkinson-game]", "object_id": "1", "change_message": "No fields changed.", "user": 1, "content_type": 26}}, {"pk": 17, "model": "admin.logentry", "fields": {"action_flag": 2, "action_time": "2014-10-15T06:37:41.903Z", "object_repr": "parkinson-game - level 2 [2014-10-10 10:55:46.216000+00:00]", "object_id": "2", "change_message": "No fields changed.", "user": 1, "content_type": 27}}, {"pk": 18, "model": "admin.logentry", "fields": {"action_flag": 2, "action_time": "2014-10-15T06:37:44.967Z", "object_repr": "parkinson-game - level 1 [2014-10-10 10:55:40.302000+00:00]", "object_id": "1", "change_message": "No fields changed.", "user": 1, "content_type": 27}}, {"pk": 19, "model": "admin.logentry", "fields": {"action_flag": 2, "action_time": "2014-10-15T06:37:47.544Z", "object_repr": "parkinson-game - level 2 [2014-10-10 10:55:46.216000+00:00]", "object_id": "2", "change_message": "No fields changed.", "user": 1, "content_type": 27}}, {"pk": 20, "model": "admin.logentry", "fields": {"action_flag": 3, "action_time": "2014-10-15T06:38:34.426Z", "object_repr": "GamePlay [None] [2014-10-15 14:32:31.978000+00:00]", "object_id": "8", "change_message": "", "user": 1, "content_type": 33}}, {"pk": 21, "model": "admin.logentry", "fields": {"action_flag": 3, "action_time": "2014-10-15T06:38:34.434Z", "object_repr": "GamePlay [None] [2014-10-15 13:39:16.016000+00:00]", "object_id": "7", "change_message": "", "user": 1, "content_type": 33}}, {"pk": 22, "model": "admin.logentry", "fields": {"action_flag": 3, "action_time": "2014-10-15T06:38:34.439Z", "object_repr": "GamePlay [None] [2014-10-15 13:38:33.480000+00:00]", "object_id": "6", "change_message": "", "user": 1, "content_type": 33}}, {"pk": 23, "model": "admin.logentry", "fields": {"action_flag": 3, "action_time": "2014-10-15T06:38:34.443Z", "object_repr": "GamePlay [None] [2014-10-15 13:38:22.301000+00:00]", "object_id": "5", "change_message": "", "user": 1, "content_type": 33}}, {"pk": 24, "model": "admin.logentry", "fields": {"action_flag": 3, "action_time": "2014-10-15T06:38:34.451Z", "object_repr": "GamePlay [None] [2014-10-15 13:36:16.374000+00:00]", "object_id": "4", "change_message": "", "user": 1, "content_type": 33}}, {"pk": 25, "model": "admin.logentry", "fields": {"action_flag": 3, "action_time": "2014-10-15T06:38:34.459Z", "object_repr": "GamePlay [None] [2014-10-14 15:09:29.784000+00:00]", "object_id": "3", "change_message": "", "user": 1, "content_type": 33}}, {"pk": 26, "model": "admin.logentry", "fields": {"action_flag": 3, "action_time": "2014-10-15T06:38:34.464Z", "object_repr": "GamePlay [None] [None]", "object_id": "2", "change_message": "", "user": 1, "content_type": 33}}, {"pk": 27, "model": "admin.logentry", "fields": {"action_flag": 3, "action_time": "2014-10-15T06:38:34.473Z", "object_repr": "GamePlay [None] [None]", "object_id": "1", "change_message": "", "user": 1, "content_type": 33}}, {"pk": 28, "model": "admin.logentry", "fields": {"action_flag": 2, "action_time": "2014-10-15T07:06:30.403Z", "object_repr": "game [parkinson game]", "object_id": "1", "change_message": "Changed name.", "user": 1, "content_type": 26}}, {"pk": 29, "model": "admin.logentry", "fields": {"action_flag": 2, "action_time": "2014-10-15T07:53:45.992Z", "object_repr": "Plan [second plan] [player1]", "object_id": "2", "change_message": "No fields changed.", "user": 1, "content_type": 31}}, {"pk": 30, "model": "admin.logentry", "fields": {"action_flag": 2, "action_time": "2014-10-15T07:53:52.265Z", "object_repr": "Plan [first plan] [player1]", "object_id": "1", "change_message": "No fields changed.", "user": 1, "content_type": 31}}, {"pk": 31, "model": "admin.logentry", "fields": {"action_flag": 1, "action_time": "2014-10-15T07:56:34.571Z", "object_repr": "GamePlay [Plan [first plan] [player1]] [2014-10-15 15:56:18+00:00]", "object_id": "9", "change_message": "", "user": 1, "content_type": 33}}, {"pk": 32, "model": "admin.logentry", "fields": {"action_flag": 1, "action_time": "2014-10-15T08:59:29.278Z", "object_repr": "GamePlay [Plan [first plan] [player1]] [2014-10-15 15:56:18+00:00] [2014-10-15 08:59:29.271000+00:00]", "object_id": "7", "change_message": "", "user": 1, "content_type": 34}}, {"pk": 33, "model": "admin.logentry", "fields": {"action_flag": 2, "action_time": "2014-10-27T07:49:01.491Z", "object_repr": "Player player2", "object_id": "2", "change_message": "Changed doctors.", "user": 1, "content_type": 30}}, {"pk": 34, "model": "admin.logentry", "fields": {"action_flag": 2, "action_time": "2014-10-27T07:54:08.163Z", "object_repr": "staff doctor1's profile", "object_id": "2", "change_message": "Changed user_type.", "user": 1, "content_type": 36}}, {"pk": 35, "model": "admin.logentry", "fields": {"action_flag": 3, "action_time": "2014-10-27T09:55:04.106Z", "object_repr": "hanx", "object_id": "7", "change_message": "", "user": 1, "content_type": 4}}, {"pk": 36, "model": "admin.logentry", "fields": {"action_flag": 3, "action_time": "2014-10-27T09:55:04.114Z", "object_repr": "z", "object_id": "9", "change_message": "", "user": 1, "content_type": 4}}, {"pk": 37, "model": "admin.logentry", "fields": {"action_flag": 3, "action_time": "2014-10-27T09:56:49.671Z", "object_repr": "hanx", "object_id": "11", "change_message": "", "user": 1, "content_type": 4}}, {"pk": 38, "model": "admin.logentry", "fields": {"action_flag": 3, "action_time": "2014-10-27T09:57:40.659Z", "object_repr": "hanx", "object_id": "13", "change_message": "", "user": 1, "content_type": 4}}, {"pk": 39, "model": "admin.logentry", "fields": {"action_flag": 3, "action_time": "2014-10-27T10:00:56.475Z", "object_repr": "hanx", "object_id": "14", "change_message": "", "user": 1, "content_type": 4}}, {"pk": 40, "model": "admin.logentry", "fields": {"action_flag": 3, "action_time": "2014-10-27T10:10:02.319Z", "object_repr": "hanx", "object_id": "15", "change_message": "", "user": 1, "content_type": 4}}, {"pk": 41, "model": "admin.logentry", "fields": {"action_flag": 3, "action_time": "2014-10-27T10:16:53.828Z", "object_repr": "hanx", "object_id": "16", "change_message": "", "user": 1, "content_type": 4}}, {"pk": 42, "model": "admin.logentry", "fields": {"action_flag": 3, "action_time": "2014-10-28T03:45:19.766Z", "object_repr": "Player fdafds", "object_id": "20", "change_message": "", "user": 1, "content_type": 30}}, {"pk": 43, "model": "admin.logentry", "fields": {"action_flag": 3, "action_time": "2014-10-28T03:45:19.776Z", "object_repr": "Player fdasfdsa", "object_id": "18", "change_message": "", "user": 1, "content_type": 30}}, {"pk": 44, "model": "admin.logentry", "fields": {"action_flag": 3, "action_time": "2014-10-28T03:45:19.782Z", "object_repr": "Player hanxxx", "object_id": "16", "change_message": "", "user": 1, "content_type": 30}}, {"pk": 45, "model": "admin.logentry", "fields": {"action_flag": 3, "action_time": "2014-10-28T04:52:58.445Z", "object_repr": "Player chrishan", "object_id": "24", "change_message": "", "user": 1, "content_type": 30}}, {"pk": 46, "model": "admin.logentry", "fields": {"action_flag": 3, "action_time": "2014-10-28T04:53:22.236Z", "object_repr": "chrishan", "object_id": "20", "change_message": "", "user": 1, "content_type": 4}}, {"pk": 47, "model": "admin.logentry", "fields": {"action_flag": 3, "action_time": "2014-10-28T04:53:22.245Z", "object_repr": "fdafds", "object_id": "19", "change_message": "", "user": 1, "content_type": 4}}, {"pk": 48, "model": "admin.logentry", "fields": {"action_flag": 3, "action_time": "2014-10-28T04:53:22.252Z", "object_repr": "fdasfdsa", "object_id": "18", "change_message": "", "user": 1, "content_type": 4}}, {"pk": 49, "model": "admin.logentry", "fields": {"action_flag": 3, "action_time": "2014-10-28T04:53:22.257Z", "object_repr": "hanxxx", "object_id": "17", "change_message": "", "user": 1, "content_type": 4}}, {"pk": 50, "model": "admin.logentry", "fields": {"action_flag": 3, "action_time": "2014-10-28T04:59:39.551Z", "object_repr": "chris", "object_id": "21", "change_message": "", "user": 1, "content_type": 4}}, {"pk": 51, "model": "admin.logentry", "fields": {"action_flag": 3, "action_time": "2014-10-28T05:01:38.096Z", "object_repr": "hxg", "object_id": "22", "change_message": "", "user": 1, "content_type": 4}}, {"pk": 52, "model": "admin.logentry", "fields": {"action_flag": 3, "action_time": "2014-10-28T05:17:12.227Z", "object_repr": "chrishan", "object_id": "23", "change_message": "", "user": 1, "content_type": 4}}, {"pk": 53, "model": "admin.logentry", "fields": {"action_flag": 3, "action_time": "2014-10-28T05:17:12.238Z", "object_repr": "haha", "object_id": "24", "change_message": "", "user": 1, "content_type": 4}}, {"pk": 54, "model": "admin.logentry", "fields": {"action_flag": 3, "action_time": "2014-10-28T06:00:21.386Z", "object_repr": "ff", "object_id": "8", "change_message": "", "user": 1, "content_type": 4}}, {"pk": 55, "model": "admin.logentry", "fields": {"action_flag": 3, "action_time": "2014-10-28T06:10:54.639Z", "object_repr": "qq", "object_id": "9", "change_message": "", "user": 1, "content_type": 4}}, {"pk": 56, "model": "admin.logentry", "fields": {"action_flag": 3, "action_time": "2014-10-28T06:14:12.989Z", "object_repr": "chrishan", "object_id": "12", "change_message": "", "user": 1, "content_type": 4}}, {"pk": 57, "model": "admin.logentry", "fields": {"action_flag": 3, "action_time": "2014-10-28T06:18:55.130Z", "object_repr": "chris", "object_id": "13", "change_message": "", "user": 1, "content_type": 4}}, {"pk": 58, "model": "admin.logentry", "fields": {"action_flag": 3, "action_time": "2014-10-28T06:20:10.772Z", "object_repr": "qqq", "object_id": "14", "change_message": "", "user": 1, "content_type": 4}}, {"pk": 59, "model": "admin.logentry", "fields": {"action_flag": 1, "action_time": "2014-10-29T08:51:14.528Z", "object_repr": "Plan [first plan] [thrid]", "object_id": "3", "change_message": "", "user": 1, "content_type": 31}}, {"pk": 60, "model": "admin.logentry", "fields": {"action_flag": 1, "action_time": "2014-10-29T08:51:55.933Z", "object_repr": "Plan [second plan] [thrid]", "object_id": "4", "change_message": "", "user": 1, "content_type": 31}}, {"pk": 61, "model": "admin.logentry", "fields": {"action_flag": 3, "action_time": "2014-10-30T06:51:44.165Z", "object_repr": "eight", "object_id": "22", "change_message": "", "user": 1, "content_type": 4}}, {"pk": 62, "model": "admin.logentry", "fields": {"action_flag": 3, "action_time": "2014-10-30T06:51:44.175Z", "object_repr": "fifth", "object_id": "18", "change_message": "", "user": 1, "content_type": 4}}, {"pk": 63, "model": "admin.logentry", "fields": {"action_flag": 3, "action_time": "2014-10-30T06:51:44.179Z", "object_repr": "fourth", "object_id": "17", "change_message": "", "user": 1, "content_type": 4}}, {"pk": 64, "model": "admin.logentry", "fields": {"action_flag": 3, "action_time": "2014-10-30T06:51:44.183Z", "object_repr": "qqq", "object_id": "15", "change_message": "", "user": 1, "content_type": 4}}, {"pk": 65, "model": "admin.logentry", "fields": {"action_flag": 3, "action_time": "2014-10-30T06:51:44.187Z", "object_repr": "seven", "object_id": "21", "change_message": "", "user": 1, "content_type": 4}}, {"pk": 66, "model": "admin.logentry", "fields": {"action_flag": 3, "action_time": "2014-10-30T06:51:44.191Z", "object_repr": "six", "object_id": "19", "change_message": "", "user": 1, "content_type": 4}}, {"pk": 67, "model": "admin.logentry", "fields": {"action_flag": 3, "action_time": "2014-10-30T06:51:44.195Z", "object_repr": "thrid", "object_id": "16", "change_message": "", "user": 1, "content_type": 4}}, {"pk": 68, "model": "admin.logentry", "fields": {"action_flag": 2, "action_time": "2014-10-30T09:10:40.284Z", "object_repr": "GamePlay [Plan [first plan] [player1]] [2014-10-15 15:56:18+00:00]", "object_id": "9", "change_message": "Changed player and game_level.", "user": 1, "content_type": 33}}, {"pk": 69, "model": "admin.logentry", "fields": {"action_flag": 2, "action_time": "2014-11-10T08:30:50.398Z", "object_repr": "game [parkinson game]", "object_id": "1", "change_message": "Changed organizations.", "user": 1, "content_type": 26}}, {"pk": 70, "model": "admin.logentry", "fields": {"action_flag": 2, "action_time": "2014-11-11T09:46:28.960Z", "object_repr": "parkinson game - Task 2 [2014-10-10 10:55:46.216000+00:00]", "object_id": "2", "change_message": "Changed name.", "user": 1, "content_type": 27}}, {"pk": 71, "model": "admin.logentry", "fields": {"action_flag": 2, "action_time": "2014-11-11T09:46:35.867Z", "object_repr": "parkinson game - Task 1 [2014-10-10 10:55:40.302000+00:00]", "object_id": "1", "change_message": "Changed name.", "user": 1, "content_type": 27}}, {"pk": 72, "model": "admin.logentry", "fields": {"action_flag": 2, "action_time": "2014-11-12T08:03:29.799Z", "object_repr": "game [parkinson game]", "object_id": "1", "change_message": "Changed description and image.", "user": 1, "content_type": 26}}, {"pk": 73, "model": "admin.logentry", "fields": {"action_flag": 2, "action_time": "2014-11-12T08:03:39.752Z", "object_repr": "game [parkinson game]", "object_id": "1", "change_message": "No fields changed.", "user": 1, "content_type": 26}}, {"pk": 74, "model": "admin.logentry", "fields": {"action_flag": 1, "action_time": "2014-11-12T08:04:25.136Z", "object_repr": "game [Lotus Valley\u00a0\u5fd8\u5fe7\u8c37]", "object_id": "2", "change_message": "", "user": 1, "content_type": 26}}, {"pk": 75, "model": "admin.logentry", "fields": {"action_flag": 1, "action_time": "2014-11-12T08:05:14.789Z", "object_repr": "game [Basketball Genius]", "object_id": "3", "change_message": "", "user": 1, "content_type": 26}}, {"pk": 76, "model": "admin.logentry", "fields": {"action_flag": 1, "action_time": "2014-11-12T08:44:44.293Z", "object_repr": "game [Empathy Map Game]", "object_id": "4", "change_message": "", "user": 1, "content_type": 26}}, {"pk": 77, "model": "admin.logentry", "fields": {"action_flag": 2, "action_time": "2014-11-17T05:35:59.691Z", "object_repr": "game [parkinson game]", "object_id": "1", "change_message": "Changed plan_template.", "user": 1, "content_type": 26}}, {"pk": 78, "model": "admin.logentry", "fields": {"action_flag": 2, "action_time": "2014-11-17T06:10:15.396Z", "object_repr": "game [parkinson game]", "object_id": "1", "change_message": "Changed plan_template.", "user": 1, "content_type": 26}}]